employee_id,employee_name,department,designation,city,region,join_date,experience_years,basic_salary,bonus,deductions,total_salary,attendance_days,performance_rating,is_active
1,Employee_1,Finance,Manager,Bangalore,South,26-05-2023,1,31561,14836,721,45676,236,5,TRUE
2,Employee_2,HR,Manager,Bangalore,South,02-10-2023,12,34227,6439,1325,39341,221,2,TRUE
3,Employee_3,HR,Analyst,Bangalore,South,02-05-2024,12,21760,13326,1164,33922,252,5,TRUE
4,Employee_4,IT,Lead,Hyderabad,South,20-03-2023,12,51582,1996,5831,47747,253,3,TRUE
5,Employee_5,Finance,Lead,Mumbai,West,06-03-2023,3,47307,10501,4025,53783,205,,FALSE
6,Employee_6,Finance,Lead,Hyderabad,South,23-03-2023,10,35390,4348,808,38930,205,,TRUE
7,Employee_7,Operations,Lead,Pune,West,12-07-2024,8,53227,16168,7548,61847,200,,TRUE
8,Employee_8,HR,Manager,Pune,West,13-06-2024,5,62129,14812,1383,75558,250,1,FALSE
9,Employee_9,Sales,Executive,Bangalore,South,15-01-2024,15,49118,12429,6431,55116,249,1,FALSE
10,Employee_10,Sales,Lead,Pune,West,25-09-2023,1,79515,13885,6481,86919,224,4,FALSE
11,Employee_11,IT,Manager,Pune,West,20-05-2024,10,47981,15711,2759,60933,226,4,FALSE
12,Employee_12,Finance,Analyst,Bangalore,South,26-03-2024,6,79907,13947,6551,87303,231,3,TRUE
13,Employee_13,Finance,Lead,Hyderabad,South,22-08-2024,13,33663,10317,4026,39954,259,2,TRUE
14,Employee_14,HR,Manager,Pune,West,11-10-2023,12,61056,14599,3371,72284,215,,FALSE
15,Employee_15,IT,Lead,Delhi,North,04-06-2024,8,51395,12061,7791,55665,228,,TRUE
16,Employee_16,Sales,Manager,Bangalore,South,01-05-2023,10,45279,13561,2814,56026,205,2,FALSE
17,Employee_17,Operations,Lead,Hyderabad,South,03-08-2023,10,77678,17175,7998,86855,253,,FALSE
18,Employee_18,Operations,Analyst,Hyderabad,South,04-03-2024,9,50983,1413,582,51814,205,3,TRUE
19,Employee_19,Sales,Executive,Chennai,South,27-11-2023,1,30451,14988,7950,37489,214,4,FALSE
20,Employee_20,Operations,Analyst,Mumbai,West,26-01-2024,13,41221,7106,2672,45655,253,1,TRUE
21,Employee_21,IT,Analyst,Bangalore,South,03-02-2024,10,30137,14006,3030,41113,232,4,FALSE
22,Employee_22,Operations,Manager,Pune,West,03-01-2024,15,71610,15476,5338,81748,254,4,TRUE
23,Employee_23,HR,Manager,Chennai,South,10-08-2024,13,19303,12592,3251,28644,208,2,TRUE
24,Employee_24,Finance,Lead,Pune,West,13-10-2023,0,21229,8207,5498,23938,251,5,FALSE
25,Employee_25,Operations,Lead,Pune,West,06-05-2023,14,76136,8506,6969,77673,250,,TRUE
26,Employee_26,HR,Manager,Bangalore,South,27-07-2023,4,77236,2037,7305,71968,235,4,FALSE
27,Employee_27,IT,Executive,Delhi,North,27-08-2023,9,27530,14664,851,41343,205,3,FALSE
28,Employee_28,IT,Lead,Chennai,South,02-02-2024,0,50912,2892,592,53212,200,1,TRUE
29,Employee_29,Finance,Lead,Chennai,South,07-03-2023,8,60419,2970,5117,58272,240,3,FALSE
30,Employee_30,HR,Analyst,Mumbai,West,15-11-2023,12,36416,13148,6551,43013,231,4,FALSE
31,Employee_31,Operations,Manager,Bangalore,South,23-10-2023,12,65621,13137,5408,73350,217,1,TRUE
32,Employee_32,Sales,Manager,Delhi,North,10-08-2023,3,68977,17446,5813,80610,240,1,FALSE
33,Employee_33,IT,Analyst,Pune,West,13-10-2023,14,30469,3062,2598,30933,247,3,FALSE
34,Employee_34,Sales,Analyst,Delhi,North,12-06-2024,3,30259,11702,5266,36695,243,1,TRUE
35,Employee_35,IT,Executive,Delhi,North,26-04-2024,3,21525,16642,4922,33245,229,,FALSE
36,Employee_36,IT,Analyst,Hyderabad,South,01-02-2023,15,65568,6473,2958,69083,251,3,TRUE
37,Employee_37,Operations,Analyst,Delhi,North,25-10-2023,0,77458,14077,1603,89932,249,,TRUE
38,Employee_38,HR,Manager,Chennai,South,24-09-2023,15,51746,4849,6638,49957,212,5,TRUE
39,Employee_39,Operations,Lead,Mumbai,West,27-06-2023,10,19116,15427,3368,31175,223,4,FALSE
40,Employee_40,Sales,Executive,Pune,West,04-01-2024,0,63576,14216,3261,74531,212,4,FALSE
41,Employee_41,Sales,Analyst,Pune,West,09-01-2023,12,51111,12703,7565,56249,215,1,TRUE
42,Employee_42,Sales,Lead,Hyderabad,South,19-08-2024,13,50658,17563,762,67459,234,2,FALSE
43,Employee_43,IT,Analyst,Pune,West,23-09-2023,3,22711,7148,4378,25481,219,1,FALSE
44,Employee_44,Finance,Manager,Delhi,North,26-01-2023,0,18933,6615,2270,23278,238,4,TRUE
45,Employee_45,Operations,Manager,Chennai,South,25-10-2023,13,40084,1907,3508,38483,243,3,TRUE
46,Employee_46,Finance,Analyst,Bangalore,South,22-08-2024,3,29556,4870,1216,33210,252,2,FALSE
47,Employee_47,Operations,Manager,Mumbai,West,12-02-2024,5,20573,16419,4928,32064,202,1,FALSE
48,Employee_48,Finance,Lead,Chennai,South,11-04-2024,11,55911,12987,452,68446,220,2,TRUE
49,Employee_49,IT,Manager,Chennai,South,05-08-2024,6,42864,10845,5907,47802,229,5,TRUE
50,Employee_50,Sales,Executive,Hyderabad,South,08-10-2023,3,62794,1213,3406,60601,227,3,FALSE
51,Employee_51,Finance,Executive,Chennai,South,07-10-2023,15,74284,19400,2441,91243,258,2,FALSE
52,Employee_52,Sales,Manager,Delhi,North,14-07-2024,10,59899,12596,521,71974,221,2,TRUE
53,Employee_53,IT,Executive,Chennai,South,24-06-2024,10,51003,19660,6189,64474,201,4,TRUE
54,Employee_54,HR,Lead,Hyderabad,South,25-01-2024,9,61270,13724,7948,67046,226,1,FALSE
55,Employee_55,IT,Lead,Chennai,South,18-05-2023,11,25646,12317,4867,33096,243,1,TRUE
56,Employee_56,Operations,Executive,Hyderabad,South,26-10-2023,5,18450,3245,1193,20502,250,3,TRUE
57,Employee_57,IT,Executive,Pune,West,03-06-2023,3,21996,17801,3927,35870,220,4,FALSE
58,Employee_58,Operations,Executive,Pune,West,19-08-2024,10,58534,7249,5803,59980,237,1,TRUE
59,Employee_59,Sales,Executive,Hyderabad,South,07-08-2023,12,53337,2029,7908,47458,238,4,TRUE
60,Employee_60,Operations,Executive,Mumbai,West,31-05-2024,11,35366,12800,5217,42949,228,2,TRUE
61,Employee_61,IT,Executive,Chennai,South,01-11-2023,0,22502,12374,2165,32711,200,5,FALSE
62,Employee_62,Finance,Manager,Mumbai,West,09-05-2023,11,19597,4389,3352,20634,225,1,TRUE
63,Employee_63,HR,Lead,Bangalore,South,16-09-2023,13,31458,642,3813,28287,223,1,FALSE
64,Employee_64,HR,Manager,Hyderabad,South,24-06-2023,5,29745,4804,832,33717,226,3,FALSE
65,Employee_65,HR,Analyst,Delhi,North,17-06-2023,13,79358,4283,2944,80697,215,5,FALSE
66,Employee_66,Operations,Lead,Hyderabad,South,15-10-2023,9,54414,5177,968,58623,229,4,TRUE
67,Employee_67,Operations,Executive,Mumbai,West,02-08-2024,10,24558,7656,2275,29939,252,5,TRUE
68,Employee_68,IT,Lead,Delhi,North,20-09-2023,6,74446,2627,1182,75891,238,,FALSE
69,Employee_69,IT,Lead,Mumbai,West,27-01-2024,11,42019,9497,488,51028,238,3,FALSE
70,Employee_70,Finance,Lead,Delhi,North,22-05-2023,8,42350,12757,2162,52945,253,1,TRUE
71,Employee_71,Sales,Analyst,Mumbai,West,02-01-2023,7,22546,16897,3909,35534,243,4,FALSE
72,Employee_72,Sales,Executive,Pune,West,02-04-2024,0,19495,17231,4704,32022,259,,TRUE
73,Employee_73,IT,Analyst,Delhi,North,11-05-2024,15,68888,6390,4229,71049,245,4,TRUE
74,Employee_74,Sales,Manager,Bangalore,South,26-02-2024,3,64492,4608,2111,66989,245,4,FALSE
75,Employee_75,IT,Analyst,Mumbai,West,04-07-2023,14,32347,17177,7091,42433,226,,TRUE
76,Employee_76,HR,Lead,Hyderabad,South,04-06-2023,4,65192,1186,1693,64685,246,2,FALSE
77,Employee_77,Sales,Executive,Hyderabad,South,03-12-2023,0,20770,8602,3875,25497,244,4,TRUE
78,Employee_78,Finance,Analyst,Mumbai,West,20-06-2023,11,39153,17624,5756,51021,255,2,TRUE
79,Employee_79,Finance,Executive,Bangalore,South,09-01-2024,15,59246,13116,6660,65702,248,4,FALSE
80,Employee_80,IT,Lead,Pune,West,15-03-2023,9,22977,10591,2501,31067,210,,FALSE
81,Employee_81,Operations,Lead,Delhi,North,14-01-2024,6,76581,3102,5679,74004,256,3,FALSE
82,Employee_82,HR,Lead,Hyderabad,South,05-05-2023,14,26770,18,7642,19146,239,3,TRUE
83,Employee_83,HR,Executive,Delhi,North,18-06-2024,14,44931,19155,6487,57599,245,1,FALSE
84,Employee_84,HR,Manager,Delhi,North,08-09-2023,15,52248,6044,4724,53568,250,2,FALSE
85,Employee_85,Sales,Manager,Hyderabad,South,11-08-2024,3,61258,859,7807,54310,248,,FALSE
86,Employee_86,Operations,Analyst,Mumbai,West,09-01-2023,2,36903,15561,349,52115,260,3,FALSE
87,Employee_87,HR,Analyst,Hyderabad,South,28-08-2023,14,23035,8451,7231,24255,218,4,TRUE
88,Employee_88,Operations,Analyst,Pune,West,29-11-2023,15,49255,8356,6435,51176,254,3,TRUE
89,Employee_89,HR,Analyst,Mumbai,West,14-05-2024,13,75626,16633,3342,88917,203,5,FALSE
90,Employee_90,Sales,Manager,Hyderabad,South,24-03-2023,1,66364,5056,2889,68531,249,3,FALSE
91,Employee_91,HR,Manager,Chennai,South,07-06-2024,5,63868,9736,7666,65938,237,3,FALSE
92,Employee_92,HR,Lead,Mumbai,West,21-03-2024,7,65061,10580,1427,74214,256,,TRUE
93,Employee_93,Operations,Lead,Pune,West,24-03-2023,2,27822,11517,2960,36379,214,2,FALSE
94,Employee_94,Finance,Lead,Delhi,North,02-01-2024,8,53425,7037,572,59890,211,2,TRUE
95,Employee_95,HR,Lead,Pune,West,18-01-2023,4,58651,14385,5715,67321,202,,FALSE
96,Employee_96,Finance,Lead,Hyderabad,South,11-07-2024,9,45233,3312,1548,46997,230,5,FALSE
97,Employee_97,Operations,Executive,Bangalore,South,18-01-2024,12,44321,18251,5908,56664,205,,TRUE
98,Employee_98,Operations,Lead,Bangalore,South,20-08-2023,11,63688,10003,5409,68282,230,3,FALSE
99,Employee_99,Finance,Lead,Mumbai,West,08-03-2024,3,66877,2564,3748,65693,235,4,TRUE
100,Employee_100,Operations,Executive,Mumbai,West,18-11-2023,13,48735,12256,4710,56281,233,2,TRUE
101,Employee_101,Sales,Executive,Pune,West,29-01-2024,0,72768,984,3263,70489,258,4,FALSE
102,Employee_102,Operations,Manager,Pune,West,19-09-2023,9,20363,14139,5013,29489,247,2,TRUE
103,Employee_103,Finance,Lead,Pune,West,25-03-2024,2,40038,16488,6594,49932,252,1,TRUE
104,Employee_104,Operations,Lead,Chennai,South,24-06-2023,12,79680,18016,6971,90725,238,2,FALSE
105,Employee_105,Sales,Manager,Mumbai,West,24-07-2023,9,65258,17529,2132,80655,242,2,TRUE
106,Employee_106,Sales,Lead,Pune,West,25-07-2023,6,44679,7865,7243,45301,236,3,TRUE
107,Employee_107,Finance,Manager,Hyderabad,South,26-01-2024,5,66905,16083,3230,79758,237,2,FALSE
108,Employee_108,Operations,Executive,Delhi,North,08-02-2023,14,40632,14226,5696,49162,246,4,FALSE
109,Employee_109,Sales,Executive,Bangalore,South,05-05-2023,9,53235,806,5611,48430,228,,TRUE
110,Employee_110,Operations,Analyst,Hyderabad,South,06-01-2023,5,49522,3061,2403,50180,219,1,TRUE
111,Employee_111,Operations,Lead,Mumbai,West,02-06-2023,12,30529,3414,2888,31055,201,3,TRUE
112,Employee_112,Sales,Lead,Pune,West,13-08-2023,2,71486,5621,4111,72996,258,4,FALSE
113,Employee_113,HR,Manager,Pune,West,08-07-2024,13,71002,7674,7685,70991,258,4,TRUE
114,Employee_114,Finance,Analyst,Hyderabad,South,15-08-2023,10,43909,63,6104,37868,245,5,FALSE
115,Employee_115,Finance,Analyst,Pune,West,22-12-2023,6,53641,6926,2879,57688,245,3,FALSE
116,Employee_116,HR,Manager,Chennai,South,22-08-2024,5,52335,7926,7736,52525,221,3,FALSE
117,Employee_117,HR,Lead,Chennai,South,25-03-2024,7,33735,10839,4710,39864,252,4,FALSE
118,Employee_118,HR,Analyst,Bangalore,South,11-11-2023,10,51198,12921,5175,58944,237,3,FALSE
119,Employee_119,HR,Analyst,Pune,West,09-03-2023,2,74398,2659,1387,75670,208,4,TRUE
120,Employee_120,IT,Executive,Hyderabad,South,07-11-2023,12,50723,16537,4121,63139,246,,TRUE
121,Employee_121,Operations,Lead,Delhi,North,23-10-2023,13,51913,6906,174,58645,240,2,TRUE
122,Employee_122,IT,Analyst,Mumbai,West,09-06-2023,0,63300,13936,5295,71941,246,4,FALSE
123,Employee_123,IT,Lead,Bangalore,South,25-07-2024,11,31002,1259,2599,29662,260,,FALSE
124,Employee_124,HR,Executive,Pune,West,27-12-2023,8,18539,15921,50,34410,218,2,FALSE
125,Employee_125,IT,Manager,Bangalore,South,28-02-2024,7,58584,9385,4166,63803,229,5,TRUE
126,Employee_126,HR,Executive,Delhi,North,28-03-2023,1,26656,4857,984,30529,209,3,FALSE
127,Employee_127,Operations,Lead,Pune,West,11-06-2024,5,69495,14175,1604,82066,224,5,TRUE
128,Employee_128,Sales,Analyst,Chennai,South,21-10-2023,12,59216,8108,112,67212,240,5,TRUE
129,Employee_129,Finance,Lead,Hyderabad,South,10-11-2023,8,25075,2921,1594,26402,220,1,FALSE
130,Employee_130,Finance,Manager,Chennai,South,18-08-2023,4,42969,7086,3106,46949,222,3,FALSE
131,Employee_131,Sales,Executive,Chennai,South,20-07-2023,0,26592,16663,4531,38724,258,2,FALSE
132,Employee_132,Operations,Analyst,Mumbai,West,16-02-2024,12,56726,4621,4178,57169,230,3,TRUE
133,Employee_133,Finance,Lead,Pune,West,02-10-2023,9,26706,3880,1963,28623,228,1,TRUE
134,Employee_134,IT,Manager,Chennai,South,03-11-2023,15,63105,19332,634,81803,210,5,FALSE
135,Employee_135,Finance,Analyst,Delhi,North,22-05-2024,13,79147,9990,1219,87918,243,1,FALSE
136,Employee_136,HR,Lead,Chennai,South,12-06-2023,15,76806,12122,138,88790,233,2,FALSE
137,Employee_137,Operations,Analyst,Pune,West,20-05-2024,13,20048,16750,4025,32773,206,1,FALSE
138,Employee_138,Sales,Executive,Mumbai,West,01-05-2024,8,63005,46,923,62128,214,4,TRUE
139,Employee_139,Sales,Executive,Mumbai,West,16-01-2024,13,54124,8027,14,62137,230,5,TRUE
140,Employee_140,Operations,Executive,Bangalore,South,19-04-2024,1,57676,13190,3317,67549,234,5,FALSE
141,Employee_141,Sales,Lead,Delhi,North,02-01-2024,0,63946,13807,2571,75182,201,5,TRUE
142,Employee_142,Operations,Manager,Chennai,South,23-06-2023,10,71160,574,972,70762,212,1,FALSE
143,Employee_143,HR,Lead,Bangalore,South,24-04-2023,11,79075,15146,876,93345,235,4,TRUE
144,Employee_144,Finance,Executive,Bangalore,South,19-11-2023,15,16825,8128,7515,17438,243,4,FALSE
145,Employee_145,Operations,Manager,Chennai,South,02-05-2023,2,65459,2802,3226,65035,239,,FALSE
146,Employee_146,IT,Executive,Mumbai,West,29-10-2023,14,29838,19623,3345,46116,205,5,TRUE
147,Employee_147,Sales,Lead,Chennai,South,14-10-2023,4,47280,4967,6067,46180,254,2,TRUE
148,Employee_148,HR,Lead,Delhi,North,12-07-2024,1,78097,15852,4957,88992,238,,FALSE
149,Employee_149,HR,Lead,Mumbai,West,27-12-2023,0,64138,18187,187,82138,230,2,TRUE
150,Employee_150,HR,Analyst,Chennai,South,06-02-2023,3,20151,14423,104,34470,248,,FALSE
151,Employee_151,Finance,Executive,Chennai,South,28-02-2023,12,20682,12902,7306,26278,236,,TRUE
152,Employee_152,Operations,Lead,Pune,West,16-04-2024,13,36996,12439,5682,43753,237,3,FALSE
153,Employee_153,Sales,Manager,Bangalore,South,23-06-2023,5,56015,2475,3183,55307,248,3,TRUE
154,Employee_154,Sales,Lead,Chennai,South,23-06-2024,3,29185,19750,3076,45859,242,3,TRUE
155,Employee_155,Sales,Lead,Pune,West,03-02-2023,14,67069,2936,2112,67893,239,5,FALSE
156,Employee_156,Sales,Executive,Delhi,North,20-05-2024,8,22602,8085,5191,25496,233,1,TRUE
157,Employee_157,IT,Executive,Chennai,South,27-01-2023,15,46742,16329,7122,55949,219,,FALSE
158,Employee_158,Finance,Lead,Pune,West,14-05-2023,2,71976,343,3086,69233,212,3,FALSE
159,Employee_159,Operations,Executive,Chennai,South,10-03-2023,1,71070,4617,5750,69937,257,1,TRUE
160,Employee_160,HR,Executive,Bangalore,South,03-04-2023,3,16823,898,4460,13261,234,2,FALSE
161,Employee_161,Operations,Manager,Delhi,North,03-04-2024,5,69504,3237,7529,65212,234,2,FALSE
162,Employee_162,Finance,Lead,Pune,West,01-08-2023,8,15274,5198,3771,16701,234,5,FALSE
163,Employee_163,Finance,Lead,Hyderabad,South,02-06-2024,0,53005,4720,5203,52522,236,4,TRUE
164,Employee_164,Sales,Analyst,Delhi,North,10-03-2023,10,78565,11019,1888,87696,228,2,FALSE
165,Employee_165,Sales,Analyst,Bangalore,South,17-06-2023,10,28631,10568,146,39053,231,3,FALSE
166,Employee_166,Operations,Manager,Delhi,North,29-03-2024,0,17999,12384,402,29981,232,4,TRUE
167,Employee_167,Sales,Lead,Hyderabad,South,07-08-2023,4,55331,10770,4133,61968,256,5,TRUE
168,Employee_168,Finance,Manager,Pune,West,27-11-2023,11,26270,17233,1770,41733,217,4,FALSE
169,Employee_169,IT,Executive,Bangalore,South,23-04-2024,5,77197,2757,7996,71958,248,3,FALSE
170,Employee_170,IT,Manager,Hyderabad,South,28-07-2024,15,79897,1303,752,80448,209,,FALSE
171,Employee_171,Finance,Manager,Hyderabad,South,04-10-2023,9,64799,8509,6431,66877,249,,TRUE
172,Employee_172,IT,Executive,Bangalore,South,13-02-2024,1,37193,17064,5131,49126,209,,FALSE
173,Employee_173,Finance,Manager,Mumbai,West,02-01-2023,14,66806,17168,2541,81433,227,5,FALSE
174,Employee_174,Sales,Manager,Pune,West,31-03-2024,2,46756,13577,1697,58636,211,4,FALSE
175,Employee_175,HR,Lead,Pune,West,22-03-2023,7,30308,18409,543,48174,223,2,FALSE
176,Employee_176,IT,Lead,Delhi,North,22-08-2024,11,68233,13973,352,81854,234,4,FALSE
177,Employee_177,Finance,Lead,Hyderabad,South,05-08-2023,1,23222,4833,6983,21072,232,3,FALSE
178,Employee_178,IT,Executive,Delhi,North,02-12-2023,9,72465,14023,6042,80446,210,,TRUE
179,Employee_179,IT,Analyst,Mumbai,West,31-05-2024,15,55381,3104,6057,52428,233,,FALSE
180,Employee_180,Operations,Analyst,Mumbai,West,06-03-2024,5,70943,19978,7435,83486,259,5,TRUE
181,Employee_181,Sales,Manager,Pune,West,09-06-2023,15,69833,17978,5008,82803,242,1,FALSE
182,Employee_182,HR,Executive,Hyderabad,South,24-01-2024,6,71243,10444,6255,75432,255,2,FALSE
183,Employee_183,Sales,Executive,Mumbai,West,26-01-2023,9,22475,7698,2698,27475,215,2,FALSE
184,Employee_184,Operations,Executive,Hyderabad,South,09-12-2023,14,37928,8478,5248,41158,211,4,TRUE
185,Employee_185,Operations,Manager,Pune,West,09-09-2023,7,64789,15639,433,79995,204,4,FALSE
186,Employee_186,HR,Lead,Mumbai,West,20-04-2024,2,24581,4409,4306,24684,216,3,TRUE
187,Employee_187,IT,Executive,Hyderabad,South,13-10-2023,7,77770,11558,5209,84119,257,1,TRUE
188,Employee_188,Finance,Executive,Mumbai,West,20-04-2024,0,29594,15807,4866,40535,208,,TRUE
189,Employee_189,IT,Lead,Mumbai,West,31-01-2024,11,52685,2926,3313,52298,260,4,FALSE
190,Employee_190,Operations,Lead,Mumbai,West,06-06-2024,3,22004,4866,1140,25730,212,5,TRUE
191,Employee_191,Sales,Analyst,Bangalore,South,18-05-2024,9,26225,7824,251,33798,255,1,FALSE
192,Employee_192,HR,Manager,Chennai,South,31-05-2023,1,74468,10107,1112,83463,240,3,FALSE
193,Employee_193,Finance,Executive,Pune,West,22-12-2023,1,46301,5401,185,51517,224,3,FALSE
194,Employee_194,Operations,Analyst,Pune,West,13-11-2023,5,24017,13933,3469,34481,219,2,FALSE
195,Employee_195,IT,Analyst,Hyderabad,South,13-10-2023,12,49049,18232,4414,62867,209,1,FALSE
196,Employee_196,IT,Analyst,Mumbai,West,13-05-2024,1,28484,16481,83,44882,207,4,TRUE
197,Employee_197,Sales,Executive,Pune,West,24-03-2023,3,24057,1378,5887,19548,214,,FALSE
198,Employee_198,Finance,Manager,Mumbai,West,23-05-2023,3,23231,4213,1290,26154,251,2,TRUE
199,Employee_199,HR,Executive,Bangalore,South,12-03-2024,4,43287,2576,1494,44369,245,3,TRUE
200,Employee_200,Sales,Manager,Hyderabad,South,12-03-2023,5,33642,10189,689,43142,255,4,TRUE
201,Employee_201,IT,Lead,Hyderabad,South,16-01-2023,8,63620,12724,3414,72930,236,2,TRUE
202,Employee_202,Sales,Manager,Bangalore,South,06-05-2023,11,68154,11655,4177,75632,228,3,FALSE
203,Employee_203,IT,Lead,Bangalore,South,08-03-2023,1,67578,7070,6948,67700,249,4,TRUE
204,Employee_204,Finance,Executive,Delhi,North,30-12-2023,10,20861,1979,1903,20937,240,5,FALSE
205,Employee_205,HR,Lead,Hyderabad,South,21-08-2023,2,39297,196,2892,36601,227,5,TRUE
206,Employee_206,Operations,Lead,Delhi,North,08-06-2024,5,73357,13480,328,86509,238,5,FALSE
207,Employee_207,Sales,Manager,Bangalore,South,23-03-2024,4,51571,11681,2780,60472,258,3,FALSE
208,Employee_208,Sales,Lead,Hyderabad,South,07-10-2023,5,48027,13509,6989,54547,220,5,TRUE
209,Employee_209,HR,Executive,Hyderabad,South,22-07-2024,6,52946,5427,6553,51820,251,3,TRUE
210,Employee_210,IT,Manager,Chennai,South,28-03-2023,3,26620,7698,6155,28163,248,4,TRUE
211,Employee_211,Sales,Executive,Mumbai,West,02-02-2024,11,25246,6391,885,30752,212,3,FALSE
212,Employee_212,HR,Lead,Pune,West,24-06-2024,11,25152,6217,6776,24593,224,4,TRUE
213,Employee_213,Finance,Lead,Pune,West,02-02-2024,9,66681,2141,1979,66843,202,,TRUE
214,Employee_214,Sales,Executive,Delhi,North,17-05-2023,7,25748,12269,3111,34906,205,5,FALSE
215,Employee_215,IT,Lead,Delhi,North,19-06-2024,10,79542,11730,7915,83357,224,1,FALSE
216,Employee_216,Operations,Analyst,Hyderabad,South,04-01-2023,2,49447,5341,2754,52034,218,,FALSE
217,Employee_217,Sales,Analyst,Mumbai,West,06-01-2024,12,37059,13369,4102,46326,239,4,TRUE
218,Employee_218,Operations,Lead,Pune,West,10-11-2023,12,24180,15575,1515,38240,227,3,TRUE
219,Employee_219,Finance,Manager,Hyderabad,South,09-07-2024,0,30906,7913,375,38444,230,4,FALSE
220,Employee_220,IT,Lead,Chennai,South,02-08-2024,11,18393,5932,2551,21774,237,4,TRUE
221,Employee_221,Sales,Analyst,Bangalore,South,13-03-2024,14,23466,5455,7430,21491,246,4,TRUE
222,Employee_222,HR,Manager,Chennai,South,03-08-2023,6,58436,13846,7421,64861,256,1,FALSE
223,Employee_223,HR,Analyst,Chennai,South,29-08-2023,9,45655,2916,5434,43137,217,,FALSE
224,Employee_224,IT,Analyst,Hyderabad,South,02-10-2023,8,50657,11244,6559,55342,259,2,TRUE
225,Employee_225,Operations,Analyst,Chennai,South,01-11-2023,6,26240,15994,2823,39411,235,4,FALSE
226,Employee_226,IT,Executive,Mumbai,West,07-10-2023,1,75937,9054,6215,78776,231,2,FALSE
227,Employee_227,Finance,Executive,Hyderabad,South,06-09-2023,5,51050,16707,5619,62138,212,5,FALSE
228,Employee_228,HR,Lead,Delhi,North,15-09-2023,2,64626,12037,2423,74240,259,4,TRUE
229,Employee_229,HR,Manager,Bangalore,South,21-12-2023,8,23479,9895,1407,31967,218,3,FALSE
230,Employee_230,Sales,Lead,Delhi,North,24-04-2023,4,19253,18052,6509,30796,244,3,TRUE
231,Employee_231,Operations,Analyst,Bangalore,South,22-06-2023,3,73523,11903,2499,82927,246,5,FALSE
232,Employee_232,IT,Lead,Bangalore,South,10-07-2023,9,62959,5560,654,67865,240,4,FALSE
233,Employee_233,Sales,Manager,Bangalore,South,06-02-2024,12,37852,14210,5133,46929,249,4,TRUE
234,Employee_234,IT,Analyst,Chennai,South,16-11-2023,2,24524,603,5464,19663,244,5,FALSE
235,Employee_235,Sales,Analyst,Hyderabad,South,12-02-2023,0,76006,10638,5105,81539,221,5,FALSE
236,Employee_236,Finance,Executive,Pune,West,30-03-2024,1,20847,4827,2807,22867,220,4,TRUE
237,Employee_237,Operations,Analyst,Chennai,South,07-02-2023,5,44940,746,1950,43736,248,5,TRUE
238,Employee_238,HR,Executive,Chennai,South,30-05-2023,15,60936,1875,3542,59269,231,2,TRUE
239,Employee_239,Finance,Manager,Delhi,North,09-03-2023,7,62515,1256,4119,59652,222,4,TRUE
240,Employee_240,Operations,Analyst,Pune,West,04-03-2023,2,43905,3848,4889,42864,203,5,TRUE
241,Employee_241,Operations,Analyst,Chennai,South,24-02-2023,1,36232,10771,5579,41424,235,,FALSE
242,Employee_242,Sales,Manager,Pune,West,24-11-2023,1,74453,4477,6211,72719,202,3,FALSE
243,Employee_243,HR,Manager,Delhi,North,06-01-2023,7,35950,1278,1990,35238,207,1,TRUE
244,Employee_244,Operations,Executive,Hyderabad,South,29-02-2024,14,16629,9147,2695,23081,234,2,TRUE
245,Employee_245,Finance,Analyst,Chennai,South,16-02-2024,10,36769,6738,5899,37608,204,4,FALSE
246,Employee_246,Sales,Lead,Pune,West,25-10-2023,1,71025,11837,7343,75519,238,,TRUE
247,Employee_247,Operations,Executive,Pune,West,10-03-2023,4,48025,13257,639,60643,244,1,TRUE
248,Employee_248,Finance,Lead,Hyderabad,South,16-11-2023,9,44255,9676,7074,46857,243,3,TRUE
249,Employee_249,Sales,Executive,Hyderabad,South,09-05-2023,13,58834,361,3184,56011,202,2,FALSE
250,Employee_250,HR,Executive,Bangalore,South,06-12-2023,13,60002,16417,6237,70182,205,1,FALSE
251,Employee_251,Operations,Executive,Chennai,South,24-05-2023,6,33643,4318,3799,34162,230,2,FALSE
252,Employee_252,HR,Manager,Hyderabad,South,04-01-2024,14,70276,2389,2583,70082,254,,TRUE
253,Employee_253,Finance,Analyst,Hyderabad,South,05-04-2023,11,74542,4148,66,78624,212,2,FALSE
254,Employee_254,Operations,Lead,Mumbai,West,06-01-2024,15,48947,6376,4979,50344,204,3,FALSE
255,Employee_255,Operations,Analyst,Bangalore,South,08-09-2023,5,25436,9415,3350,31501,204,2,TRUE
256,Employee_256,Sales,Executive,Bangalore,South,03-09-2023,0,62507,16066,5902,72671,215,3,FALSE
257,Employee_257,Sales,Analyst,Bangalore,South,27-01-2024,5,25801,10113,4581,31333,237,1,TRUE
258,Employee_258,Sales,Executive,Delhi,North,03-06-2023,4,40961,80,7277,33764,226,4,TRUE
259,Employee_259,IT,Lead,Hyderabad,South,04-10-2023,1,21725,16468,5113,33080,230,2,TRUE
260,Employee_260,Sales,Executive,Bangalore,South,08-10-2023,13,36946,5402,5586,36762,221,4,TRUE
261,Employee_261,IT,Executive,Chennai,South,06-08-2024,10,25725,18398,734,43389,203,4,FALSE
262,Employee_262,Finance,Lead,Bangalore,South,14-03-2023,14,41284,9574,7799,43059,254,,FALSE
263,Employee_263,Operations,Manager,Pune,West,28-06-2024,12,69476,19692,7106,82062,221,1,FALSE
264,Employee_264,Finance,Lead,Hyderabad,South,13-04-2024,3,65671,8063,1937,71797,243,4,FALSE
265,Employee_265,IT,Manager,Pune,West,16-10-2023,4,66519,13507,2047,77979,233,3,TRUE
266,Employee_266,Finance,Manager,Bangalore,South,08-03-2024,15,70542,18673,6517,82698,240,2,TRUE
267,Employee_267,Operations,Executive,Hyderabad,South,20-03-2023,13,58117,17486,887,74716,257,3,FALSE
268,Employee_268,HR,Lead,Pune,West,30-07-2023,8,62579,613,6781,56411,256,4,FALSE
269,Employee_269,IT,Lead,Pune,West,06-06-2023,0,53925,6833,3296,57462,249,4,TRUE
270,Employee_270,Sales,Executive,Hyderabad,South,25-04-2024,8,15967,12856,5795,23028,210,4,FALSE
271,Employee_271,Finance,Executive,Chennai,South,03-07-2024,0,33973,11860,2775,43058,201,4,TRUE
272,Employee_272,Operations,Executive,Pune,West,26-10-2023,14,15319,11295,4529,22085,212,2,FALSE
273,Employee_273,Sales,Analyst,Hyderabad,South,01-02-2024,15,67196,14163,549,80810,242,5,FALSE
274,Employee_274,Operations,Lead,Mumbai,West,09-04-2023,14,32525,5536,5326,32735,227,3,FALSE
275,Employee_275,Sales,Analyst,Mumbai,West,20-07-2024,13,42444,3827,1461,44810,204,1,FALSE
276,Employee_276,Sales,Manager,Mumbai,West,20-07-2023,3,30341,15144,4704,40781,240,4,FALSE
277,Employee_277,HR,Lead,Chennai,South,06-03-2023,12,30754,5862,738,35878,241,2,TRUE
278,Employee_278,IT,Executive,Delhi,North,10-07-2023,11,42896,2901,3191,42606,212,1,TRUE
279,Employee_279,Finance,Executive,Bangalore,South,13-07-2023,12,72344,9543,4506,77381,229,1,TRUE
280,Employee_280,Operations,Lead,Pune,West,11-02-2023,14,79905,12621,4039,88487,225,1,FALSE
281,Employee_281,IT,Lead,Mumbai,West,05-03-2023,3,30006,8248,4366,33888,244,1,FALSE
282,Employee_282,Finance,Manager,Delhi,North,12-08-2024,11,57283,14735,7566,64452,201,3,TRUE
283,Employee_283,Sales,Executive,Chennai,South,11-06-2023,11,18319,11129,1034,28414,241,,FALSE
284,Employee_284,Finance,Analyst,Bangalore,South,07-07-2023,4,30943,11873,1015,41801,245,2,FALSE
285,Employee_285,Sales,Manager,Bangalore,South,02-02-2024,7,51797,10896,870,61823,250,3,FALSE
286,Employee_286,Sales,Manager,Mumbai,West,16-10-2023,14,30712,7851,3846,34717,202,,TRUE
287,Employee_287,HR,Analyst,Bangalore,South,19-05-2023,0,19980,14832,2634,32178,229,3,FALSE
288,Employee_288,HR,Manager,Chennai,South,02-09-2023,4,62667,1742,4657,59752,223,4,FALSE
289,Employee_289,IT,Analyst,Pune,West,29-04-2024,6,34849,8203,2557,40495,238,5,FALSE
290,Employee_290,HR,Analyst,Bangalore,South,27-12-2023,4,19847,4647,6435,18059,249,2,FALSE
291,Employee_291,IT,Manager,Hyderabad,South,14-01-2024,14,28858,3609,6721,25746,247,5,FALSE
292,Employee_292,Operations,Analyst,Pune,West,29-12-2023,12,54291,6664,3050,57905,211,5,FALSE
293,Employee_293,Finance,Manager,Bangalore,South,26-11-2023,0,35672,7521,3569,39624,250,2,TRUE
294,Employee_294,Sales,Manager,Mumbai,West,26-10-2023,15,28846,9588,7651,30783,239,4,TRUE
295,Employee_295,Operations,Executive,Bangalore,South,09-08-2023,13,32821,13301,3002,43120,253,3,TRUE
296,Employee_296,IT,Executive,Delhi,North,09-07-2023,6,67747,4241,4196,67792,245,4,TRUE
297,Employee_297,Finance,Lead,Chennai,South,02-03-2024,6,58536,11572,5515,64593,251,,TRUE
298,Employee_298,IT,Manager,Pune,West,05-02-2024,12,59886,33,5530,54389,236,5,FALSE
299,Employee_299,HR,Manager,Hyderabad,South,24-04-2023,15,51489,16548,6995,61042,228,,FALSE
300,Employee_300,HR,Analyst,Delhi,North,19-02-2023,6,44286,1652,1902,44036,249,4,FALSE
301,Employee_301,HR,Executive,Bangalore,South,10-04-2023,5,74653,18712,7919,85446,213,,TRUE
302,Employee_302,Sales,Executive,Mumbai,West,29-05-2023,10,78612,19008,1068,96552,205,2,TRUE
303,Employee_303,IT,Executive,Bangalore,South,15-04-2024,2,70020,13042,888,82174,219,,TRUE
304,Employee_304,Sales,Lead,Hyderabad,South,24-02-2024,15,41995,6008,457,47546,244,,FALSE
305,Employee_305,HR,Executive,Chennai,South,16-04-2023,9,56997,3198,7173,53022,238,,TRUE
306,Employee_306,Finance,Manager,Chennai,South,03-03-2023,7,62055,12929,2134,72850,255,2,TRUE
307,Employee_307,Sales,Executive,Mumbai,West,15-06-2023,0,15847,19565,2009,33403,219,2,FALSE
308,Employee_308,Finance,Analyst,Mumbai,West,26-05-2024,13,28271,16618,2231,42658,228,5,FALSE
309,Employee_309,Finance,Manager,Hyderabad,South,11-09-2023,15,70764,19080,672,89172,241,,TRUE
310,Employee_310,Sales,Manager,Chennai,South,24-05-2023,2,67768,17129,1032,83865,255,1,TRUE
311,Employee_311,Finance,Lead,Mumbai,West,07-02-2023,4,51500,2755,7463,46792,253,3,TRUE
312,Employee_312,HR,Manager,Chennai,South,05-06-2023,5,40005,1780,3804,37981,211,5,FALSE
313,Employee_313,Operations,Manager,Pune,West,28-10-2023,6,65987,885,3699,63173,235,1,FALSE
314,Employee_314,IT,Lead,Mumbai,West,30-05-2023,2,18651,6023,561,24113,225,1,TRUE
315,Employee_315,Finance,Analyst,Chennai,South,15-05-2024,9,57257,4839,1020,61076,202,5,FALSE
316,Employee_316,Sales,Lead,Chennai,South,04-02-2024,10,30385,10484,2531,38338,203,2,FALSE
317,Employee_317,Finance,Executive,Mumbai,West,22-09-2023,15,42900,5259,7307,40852,233,2,FALSE
318,Employee_318,HR,Lead,Bangalore,South,03-10-2023,8,63225,18960,1610,80575,231,2,TRUE
319,Employee_319,Operations,Manager,Chennai,South,20-09-2023,12,63186,18744,6079,75851,238,5,TRUE
320,Employee_320,Operations,Manager,Pune,West,12-06-2024,1,74486,17190,2850,88826,248,4,TRUE
321,Employee_321,Finance,Analyst,Bangalore,South,15-09-2023,6,41792,10610,1798,50604,220,,FALSE
322,Employee_322,IT,Executive,Chennai,South,30-12-2023,14,30826,6604,7768,29662,236,,FALSE
323,Employee_323,IT,Lead,Hyderabad,South,13-02-2023,14,39255,16647,5823,50079,233,4,FALSE
324,Employee_324,HR,Analyst,Hyderabad,South,31-01-2023,8,69531,1976,253,71254,233,,FALSE
325,Employee_325,IT,Analyst,Chennai,South,03-11-2023,9,25669,19651,3343,41977,242,1,TRUE
326,Employee_326,Finance,Manager,Bangalore,South,23-12-2023,5,45123,2537,308,47352,244,4,TRUE
327,Employee_327,Operations,Analyst,Chennai,South,20-09-2023,14,45644,2747,6135,42256,229,2,TRUE
328,Employee_328,Finance,Executive,Bangalore,South,16-03-2023,3,20475,10294,604,30165,204,5,FALSE
329,Employee_329,Operations,Analyst,Chennai,South,25-10-2023,6,54826,3635,6818,51643,225,,TRUE
330,Employee_330,Operations,Manager,Hyderabad,South,04-01-2023,8,65144,9377,5434,69087,204,1,TRUE
331,Employee_331,Sales,Executive,Hyderabad,South,07-05-2023,11,29001,2226,3276,27951,235,4,FALSE
332,Employee_332,Sales,Lead,Chennai,South,09-02-2023,3,74593,9509,1763,82339,235,,FALSE
333,Employee_333,HR,Executive,Mumbai,West,03-03-2023,10,50973,8050,7515,51508,229,5,TRUE
334,Employee_334,IT,Executive,Pune,West,09-07-2023,8,62500,8496,1399,69597,236,5,TRUE
335,Employee_335,Sales,Analyst,Hyderabad,South,21-01-2023,6,44611,13171,421,57361,216,5,FALSE
336,Employee_336,Operations,Analyst,Bangalore,South,12-08-2023,10,78000,17217,1433,93784,229,4,FALSE
337,Employee_337,Operations,Executive,Pune,West,18-08-2024,3,74604,14316,1935,86985,200,4,FALSE
338,Employee_338,Sales,Manager,Delhi,North,16-08-2023,11,18583,9991,6725,21849,216,3,FALSE
339,Employee_339,Finance,Manager,Mumbai,West,18-06-2023,1,48764,1354,5045,45073,232,1,TRUE
340,Employee_340,Sales,Lead,Hyderabad,South,16-10-2023,5,79861,17990,739,97112,242,,TRUE
341,Employee_341,Finance,Analyst,Bangalore,South,12-12-2023,13,37908,5060,1389,41579,218,,FALSE
342,Employee_342,Operations,Analyst,Delhi,North,04-09-2023,10,69769,5018,4336,70451,202,4,FALSE
343,Employee_343,HR,Manager,Bangalore,South,11-03-2023,2,73884,10361,4981,79264,240,2,FALSE
344,Employee_344,Finance,Manager,Bangalore,South,10-03-2024,2,33186,12469,5226,40429,241,1,FALSE
345,Employee_345,Sales,Manager,Chennai,South,28-01-2024,2,63707,3568,2590,64685,212,,FALSE
346,Employee_346,Sales,Analyst,Delhi,North,24-01-2024,0,47749,10584,850,57483,213,5,TRUE
347,Employee_347,HR,Executive,Hyderabad,South,12-01-2024,15,65538,5815,459,70894,201,2,TRUE
348,Employee_348,Operations,Analyst,Delhi,North,16-02-2023,6,54372,12524,5348,61548,218,1,TRUE
349,Employee_349,Finance,Analyst,Pune,West,15-01-2024,2,18337,7076,1384,24029,242,2,TRUE
350,Employee_350,IT,Lead,Hyderabad,South,18-05-2023,4,23188,10157,4116,29229,239,2,FALSE
351,Employee_351,IT,Analyst,Pune,West,06-08-2023,5,57794,4452,1913,60333,220,1,TRUE
352,Employee_352,Sales,Analyst,Delhi,North,20-10-2023,7,38499,11950,5098,45351,213,2,TRUE
353,Employee_353,Finance,Lead,Bangalore,South,26-08-2023,4,38455,18335,3803,52987,226,,TRUE
354,Employee_354,HR,Executive,Delhi,North,11-08-2023,11,40918,362,4385,36895,229,2,FALSE
355,Employee_355,IT,Analyst,Mumbai,West,18-10-2023,13,31441,10671,6313,35799,235,3,FALSE
356,Employee_356,Operations,Analyst,Hyderabad,South,07-01-2024,9,33820,11717,6886,38651,204,,TRUE
357,Employee_357,Finance,Manager,Delhi,North,22-04-2023,15,37635,19844,2677,54802,206,,TRUE
358,Employee_358,Sales,Lead,Pune,West,05-02-2023,15,21464,17296,1727,37033,222,2,TRUE
359,Employee_359,HR,Analyst,Chennai,South,20-07-2024,0,47840,3789,6285,45344,239,5,FALSE
360,Employee_360,Sales,Executive,Delhi,North,08-07-2024,14,79015,2772,3662,78125,249,2,TRUE
361,Employee_361,Finance,Manager,Mumbai,West,13-06-2023,4,33256,78,2241,31093,214,4,TRUE
362,Employee_362,Sales,Analyst,Delhi,North,29-04-2024,7,77517,10886,808,87595,241,2,TRUE
363,Employee_363,Finance,Executive,Bangalore,South,13-11-2023,8,33203,2765,6626,29342,220,,TRUE
364,Employee_364,HR,Manager,Mumbai,West,10-05-2023,3,67165,14772,79,81858,259,4,TRUE
365,Employee_365,IT,Manager,Hyderabad,South,24-01-2024,1,51224,19219,6421,64022,218,2,FALSE
366,Employee_366,Sales,Manager,Pune,West,24-04-2023,10,23630,8516,3864,28282,233,2,FALSE
367,Employee_367,Sales,Analyst,Delhi,North,18-02-2024,12,59278,12979,3074,69183,233,2,FALSE
368,Employee_368,Sales,Manager,Bangalore,South,31-07-2023,5,33664,15893,2842,46715,207,5,FALSE
369,Employee_369,HR,Executive,Chennai,South,26-04-2023,2,19081,9595,3646,25030,209,1,FALSE
370,Employee_370,Sales,Lead,Mumbai,West,04-01-2024,14,41208,8457,3075,46590,260,4,FALSE
371,Employee_371,Operations,Manager,Bangalore,South,12-09-2023,15,65942,8823,5916,68849,210,2,TRUE
372,Employee_372,HR,Manager,Bangalore,South,16-12-2023,14,68348,18932,6792,80488,229,3,FALSE
373,Employee_373,HR,Executive,Mumbai,West,16-01-2023,9,45482,12575,1839,56218,216,,TRUE
374,Employee_374,IT,Analyst,Mumbai,West,01-06-2023,12,44256,18571,4026,58801,238,5,TRUE
375,Employee_375,Finance,Manager,Bangalore,South,07-07-2023,14,67236,4406,3023,68619,212,5,FALSE
376,Employee_376,HR,Lead,Pune,West,27-05-2023,10,36344,19951,79,56216,226,4,FALSE
377,Employee_377,HR,Executive,Mumbai,West,22-01-2023,13,68958,1543,6540,63961,243,,TRUE
378,Employee_378,Operations,Lead,Hyderabad,South,19-02-2024,0,20077,2296,5476,16897,219,3,TRUE
379,Employee_379,Sales,Executive,Chennai,South,02-01-2023,10,27410,5156,6709,25857,202,1,TRUE
380,Employee_380,IT,Lead,Pune,West,08-07-2023,11,24870,11723,7961,28632,242,3,FALSE
381,Employee_381,Operations,Lead,Chennai,South,29-03-2024,10,57030,2074,1812,57292,209,5,FALSE
382,Employee_382,Sales,Analyst,Bangalore,South,15-03-2024,10,68491,16637,2710,82418,240,,FALSE
383,Employee_383,Operations,Executive,Hyderabad,South,01-09-2023,2,18007,4824,6144,16687,227,2,TRUE
384,Employee_384,HR,Executive,Chennai,South,14-01-2023,2,46029,5724,5893,45860,210,,TRUE
385,Employee_385,Sales,Executive,Pune,West,30-12-2023,12,67625,7133,3359,71399,242,3,FALSE
386,Employee_386,Finance,Manager,Pune,West,28-05-2023,12,17593,4741,7751,14583,207,3,FALSE
387,Employee_387,HR,Analyst,Bangalore,South,29-07-2023,15,77638,7836,212,85262,244,2,TRUE
388,Employee_388,Operations,Lead,Hyderabad,South,01-03-2023,11,58374,11492,2125,67741,244,3,TRUE
389,Employee_389,Sales,Manager,Pune,West,29-05-2024,1,43939,3946,7840,40045,221,4,FALSE
390,Employee_390,Finance,Analyst,Mumbai,West,06-08-2023,9,49142,5910,927,54125,209,,FALSE
391,Employee_391,Finance,Analyst,Delhi,North,21-02-2024,11,32605,7871,2978,37498,201,3,FALSE
392,Employee_392,Sales,Executive,Bangalore,South,15-11-2023,13,20916,9737,4113,26540,251,4,TRUE
393,Employee_393,Finance,Executive,Bangalore,South,16-02-2023,5,28387,5473,6216,27644,222,1,FALSE
394,Employee_394,IT,Manager,Hyderabad,South,08-11-2023,15,21638,15822,1732,35728,221,,FALSE
395,Employee_395,Operations,Analyst,Delhi,North,01-04-2024,0,73026,672,60,73638,229,3,TRUE
396,Employee_396,Operations,Analyst,Delhi,North,17-11-2023,7,33427,1194,5751,28870,235,1,FALSE
397,Employee_397,Finance,Lead,Pune,West,06-02-2023,11,73064,12947,3679,82332,226,,FALSE
398,Employee_398,IT,Lead,Hyderabad,South,30-11-2023,0,53382,11192,2626,61948,240,4,FALSE
399,Employee_399,Sales,Executive,Chennai,South,13-02-2023,11,39108,7658,441,46325,206,2,TRUE
400,Employee_400,Finance,Executive,Pune,West,30-08-2023,2,31996,12789,2039,42746,200,2,TRUE
401,Employee_401,Finance,Analyst,Hyderabad,South,04-02-2023,6,17871,12556,5349,25078,207,1,FALSE
402,Employee_402,IT,Manager,Bangalore,South,18-08-2023,3,32548,2053,2832,31769,219,5,TRUE
403,Employee_403,Operations,Manager,Mumbai,West,16-06-2024,15,27786,10077,1271,36592,250,5,TRUE
404,Employee_404,Finance,Manager,Chennai,South,29-01-2024,2,78387,18113,6998,89502,234,4,FALSE
405,Employee_405,IT,Lead,Mumbai,West,17-10-2023,8,61847,17554,1429,77972,235,2,FALSE
406,Employee_406,Finance,Manager,Bangalore,South,05-08-2023,9,52513,13076,7997,57592,242,4,TRUE
407,Employee_407,Operations,Lead,Delhi,North,13-08-2024,8,43656,4400,822,47234,246,3,FALSE
408,Employee_408,Operations,Executive,Bangalore,South,10-04-2024,11,65680,7586,4944,68322,205,1,FALSE
409,Employee_409,Finance,Analyst,Bangalore,South,01-01-2024,0,50716,1062,7292,44486,252,2,TRUE
410,Employee_410,IT,Executive,Hyderabad,South,21-09-2023,2,74183,12116,486,85813,242,,FALSE
411,Employee_411,Sales,Analyst,Hyderabad,South,09-03-2024,6,23033,483,5143,18373,257,4,FALSE
412,Employee_412,Operations,Manager,Hyderabad,South,05-09-2023,13,26484,4899,2816,28567,235,4,FALSE
413,Employee_413,HR,Analyst,Delhi,North,17-07-2024,4,36201,16094,7091,45204,205,2,FALSE
414,Employee_414,IT,Manager,Mumbai,West,28-06-2024,10,71967,19899,4544,87322,243,,FALSE
415,Employee_415,Sales,Executive,Bangalore,South,12-04-2023,4,35737,115,1536,34316,234,,FALSE
416,Employee_416,Finance,Executive,Bangalore,South,20-03-2024,5,37761,14679,3989,48451,245,2,FALSE
417,Employee_417,IT,Executive,Hyderabad,South,09-09-2023,12,29114,3588,1252,31450,210,3,TRUE
418,Employee_418,HR,Manager,Chennai,South,20-04-2024,15,32088,14708,4391,42405,216,3,FALSE
419,Employee_419,Finance,Lead,Chennai,South,13-08-2023,11,72611,18625,975,90261,230,2,FALSE
420,Employee_420,IT,Executive,Pune,West,20-09-2023,12,75687,11990,1545,86132,250,3,TRUE
421,Employee_421,Operations,Manager,Bangalore,South,18-09-2023,6,59471,16168,2468,73171,212,,TRUE
422,Employee_422,Finance,Manager,Delhi,North,15-02-2024,5,61850,14094,3255,72689,236,,FALSE
423,Employee_423,Sales,Lead,Bangalore,South,14-03-2023,2,20958,4418,7446,17930,218,4,TRUE
424,Employee_424,IT,Lead,Mumbai,West,07-04-2024,1,77948,2055,1003,79000,250,1,TRUE
425,Employee_425,HR,Executive,Hyderabad,South,03-05-2023,14,41117,18181,2671,56627,218,,FALSE
426,Employee_426,Finance,Manager,Bangalore,South,12-01-2023,14,30000,8429,5413,33016,230,3,FALSE
427,Employee_427,Finance,Analyst,Hyderabad,South,27-05-2023,10,38270,928,4906,34292,212,,TRUE
428,Employee_428,Finance,Manager,Pune,West,20-03-2024,0,65003,15741,4805,75939,219,,TRUE
429,Employee_429,Sales,Lead,Mumbai,West,01-02-2023,2,60430,4209,5433,59206,204,1,FALSE
430,Employee_430,Operations,Lead,Bangalore,South,25-08-2023,10,27374,4673,340,31707,259,5,TRUE
431,Employee_431,Sales,Lead,Chennai,South,14-08-2023,15,79665,7851,2706,84810,239,3,FALSE
432,Employee_432,IT,Lead,Bangalore,South,29-11-2023,3,44144,17326,6728,54742,253,5,TRUE
433,Employee_433,HR,Manager,Delhi,North,28-10-2023,12,18407,1899,5813,14493,213,,FALSE
434,Employee_434,IT,Lead,Pune,West,06-01-2023,4,36813,12884,1540,48157,255,2,FALSE
435,Employee_435,IT,Manager,Delhi,North,06-02-2024,11,61881,18789,1412,79258,229,3,FALSE
436,Employee_436,Finance,Analyst,Delhi,North,05-01-2024,5,61001,14993,5290,70704,227,1,FALSE
437,Employee_437,Sales,Lead,Pune,West,20-08-2024,4,51772,1281,2341,50712,241,5,TRUE
438,Employee_438,Finance,Lead,Hyderabad,South,18-09-2023,4,39128,9226,4770,43584,229,5,TRUE
439,Employee_439,HR,Manager,Hyderabad,South,18-08-2024,14,48113,11776,558,59331,258,3,TRUE
440,Employee_440,Finance,Executive,Hyderabad,South,13-05-2023,5,30110,10921,7896,33135,233,1,TRUE
441,Employee_441,HR,Analyst,Hyderabad,South,06-01-2023,13,58932,471,3539,55864,202,,FALSE
442,Employee_442,IT,Executive,Pune,West,03-11-2023,11,63674,4300,2360,65614,219,5,TRUE
443,Employee_443,Finance,Manager,Delhi,North,08-08-2024,12,17363,3416,4971,15808,239,3,TRUE
444,Employee_444,Operations,Analyst,Bangalore,South,25-06-2023,9,47452,18812,3143,63121,235,2,TRUE
445,Employee_445,Sales,Analyst,Pune,West,19-12-2023,6,42878,12562,4588,50852,219,4,TRUE
446,Employee_446,Operations,Lead,Bangalore,South,02-03-2023,2,40013,14172,7626,46559,229,3,FALSE
447,Employee_447,Operations,Lead,Delhi,North,07-03-2023,6,23982,13129,4391,32720,238,1,FALSE
448,Employee_448,Sales,Executive,Bangalore,South,30-06-2024,15,66523,15862,2785,79600,202,,TRUE
449,Employee_449,HR,Analyst,Hyderabad,South,10-06-2023,8,42950,18837,6079,55708,260,4,TRUE
450,Employee_450,IT,Analyst,Hyderabad,South,16-05-2024,11,58020,6932,851,64101,255,4,TRUE
451,Employee_451,Operations,Lead,Pune,West,29-01-2024,1,56724,6011,3470,59265,256,5,TRUE
452,Employee_452,IT,Manager,Hyderabad,South,03-03-2024,9,72762,9529,4728,77563,253,4,FALSE
453,Employee_453,IT,Manager,Hyderabad,South,14-08-2023,5,20959,2003,4553,18409,255,,TRUE
454,Employee_454,IT,Analyst,Delhi,North,21-06-2023,11,36703,15799,5644,46858,254,5,TRUE
455,Employee_455,Operations,Analyst,Bangalore,South,10-06-2023,0,58718,9558,3631,64645,225,1,TRUE
456,Employee_456,Sales,Executive,Bangalore,South,07-04-2023,3,25466,7724,1497,31693,243,,FALSE
457,Employee_457,Sales,Manager,Chennai,South,10-02-2023,8,34231,6445,2697,37979,222,5,TRUE
458,Employee_458,Operations,Manager,Mumbai,West,07-04-2023,2,65315,11315,4284,72346,214,3,FALSE
459,Employee_459,Finance,Executive,Bangalore,South,08-01-2023,0,60492,6475,4844,62123,205,,TRUE
460,Employee_460,Operations,Lead,Chennai,South,10-12-2023,2,50732,5400,4598,51534,213,4,TRUE
461,Employee_461,Finance,Executive,Mumbai,West,10-08-2024,7,38880,7564,393,46051,200,,FALSE
462,Employee_462,IT,Lead,Bangalore,South,14-02-2024,9,16052,808,3488,13372,249,2,TRUE
463,Employee_463,Sales,Lead,Bangalore,South,05-12-2023,2,18166,3778,7910,14034,259,1,FALSE
464,Employee_464,Sales,Manager,Hyderabad,South,26-10-2023,8,63467,14053,6015,71505,257,3,TRUE
465,Employee_465,HR,Analyst,Chennai,South,05-10-2023,15,40210,15354,6377,49187,237,2,TRUE
466,Employee_466,HR,Analyst,Delhi,North,21-07-2023,12,22198,9589,5302,26485,216,1,FALSE
467,Employee_467,Sales,Lead,Pune,West,09-04-2024,7,32813,10650,4473,38990,205,1,FALSE
468,Employee_468,Sales,Manager,Mumbai,West,21-11-2023,0,44616,13858,461,58013,255,4,TRUE
469,Employee_469,Finance,Manager,Pune,West,27-11-2023,12,32076,15862,739,47199,224,4,FALSE
470,Employee_470,Finance,Manager,Bangalore,South,25-04-2023,11,24306,19682,1957,42031,214,,TRUE
471,Employee_471,Operations,Analyst,Chennai,South,16-03-2023,2,62951,4212,1640,65523,231,4,FALSE
472,Employee_472,Operations,Analyst,Hyderabad,South,03-08-2023,1,27950,16402,6485,37867,253,,FALSE
473,Employee_473,Sales,Analyst,Bangalore,South,14-02-2024,3,45096,9108,3230,50974,209,5,FALSE
474,Employee_474,Operations,Lead,Delhi,North,13-03-2024,3,69323,18118,3616,83825,229,,FALSE
475,Employee_475,IT,Lead,Chennai,South,11-08-2024,3,24077,14816,1500,37393,259,1,TRUE
476,Employee_476,Operations,Lead,Delhi,North,25-06-2024,7,53597,10294,7888,56003,209,3,TRUE
477,Employee_477,HR,Analyst,Hyderabad,South,11-07-2023,11,78789,14945,5307,88427,207,,TRUE
478,Employee_478,IT,Executive,Delhi,North,24-06-2023,14,72317,466,7202,65581,241,1,TRUE
479,Employee_479,HR,Analyst,Hyderabad,South,07-04-2023,1,51965,1905,1471,52399,254,3,FALSE
480,Employee_480,Operations,Lead,Mumbai,West,06-08-2023,2,69423,3541,5992,66972,204,,TRUE
481,Employee_481,IT,Manager,Pune,West,09-04-2023,15,79335,16956,2202,94089,258,3,FALSE
482,Employee_482,HR,Lead,Chennai,South,23-07-2023,1,38282,5787,6514,37555,245,4,FALSE
483,Employee_483,IT,Lead,Chennai,South,05-08-2024,14,41552,19072,3865,56759,234,,FALSE
484,Employee_484,HR,Executive,Pune,West,29-03-2024,1,78782,3627,5660,76749,222,2,TRUE
485,Employee_485,Finance,Executive,Chennai,South,09-07-2024,10,55172,6013,4763,56422,259,1,FALSE
486,Employee_486,Operations,Analyst,Mumbai,West,30-03-2024,14,22842,6869,6094,23617,212,3,TRUE
487,Employee_487,HR,Lead,Pune,West,13-08-2023,2,63996,19046,7982,75060,253,2,TRUE
488,Employee_488,Sales,Manager,Chennai,South,28-07-2024,11,43960,17640,1289,60311,227,3,FALSE
489,Employee_489,HR,Manager,Hyderabad,South,30-04-2023,14,77496,2594,2086,78004,247,,TRUE
490,Employee_490,HR,Executive,Bangalore,South,03-12-2023,11,62025,1618,3863,59780,241,1,FALSE
491,Employee_491,Finance,Analyst,Delhi,North,16-01-2023,13,76096,9934,7588,78442,225,,TRUE
492,Employee_492,Operations,Manager,Mumbai,West,14-11-2023,7,17419,12558,6827,23150,225,1,FALSE
493,Employee_493,Sales,Lead,Mumbai,West,12-03-2024,15,23257,15899,3826,35330,227,3,TRUE
494,Employee_494,Operations,Executive,Chennai,South,22-09-2023,9,48312,5373,6808,46877,206,2,FALSE
495,Employee_495,Finance,Analyst,Bangalore,South,24-08-2023,14,54412,7632,3849,58195,248,5,TRUE
496,Employee_496,Sales,Manager,Hyderabad,South,17-03-2023,4,24769,2063,3783,23049,213,5,FALSE
497,Employee_497,Finance,Executive,Pune,West,17-11-2023,3,45148,9180,5623,48705,231,5,FALSE
498,Employee_498,IT,Analyst,Chennai,South,09-07-2023,3,25611,15137,4174,36574,216,5,FALSE
499,Employee_499,Operations,Analyst,Chennai,South,25-05-2023,7,32390,2432,827,33995,247,3,TRUE
500,Employee_500,Operations,Analyst,Pune,West,06-10-2023,13,60348,18096,345,78099,242,2,FALSE
